solo;tensao;posi;prof;rep;dsi;dsp;thetai;ppc;trt;ue
LVd;6;Entrelinha;0.00-0.05 m;1;0.84;0.9;0.5064209095;125.2305;LVd_Entrelinha_0.00-0.05 m;LVd_Entrelinha_0.00-0.05 m_1
LVd;6;Entrelinha;0.00-0.05 m;2;0.82;0.82;0.4807432939;86.3501;LVd_Entrelinha_0.00-0.05 m;LVd_Entrelinha_0.00-0.05 m_2
LVd;6;Entrelinha;0.00-0.05 m;3;0.99;0.99;0.4645376427;207.5068;LVd_Entrelinha_0.00-0.05 m;LVd_Entrelinha_0.00-0.05 m_3
LVd;6;Entrelinha;0.10-0.15 m;1;0.84;0.99;0.4509484292;256.7224;LVd_Entrelinha_0.10-0.15 m;LVd_Entrelinha_0.10-0.15 m_1
LVd;6;Entrelinha;0.10-0.15 m;2;0.95;0.99;0.4212649662;120.3019;LVd_Entrelinha_0.10-0.15 m;LVd_Entrelinha_0.10-0.15 m_2
LVd;6;Entrelinha;0.10-0.15 m;3;0.99;1.04;0.4742255266;196.4996;LVd_Entrelinha_0.10-0.15 m;LVd_Entrelinha_0.10-0.15 m_3
LVd;6;Entrelinha;0.20-0.25 m;1;0.83;0.92;0.4644183168;100.1766;LVd_Entrelinha_0.20-0.25 m;LVd_Entrelinha_0.20-0.25 m_1
LVd;6;Entrelinha;0.20-0.25 m;2;0.92;0.95;0.4539527302;100.3347;LVd_Entrelinha_0.20-0.25 m;LVd_Entrelinha_0.20-0.25 m_2
LVd;6;Entrelinha;0.20-0.25 m;3;0.91;0.97;0.5006847439;257.7682;LVd_Entrelinha_0.20-0.25 m;LVd_Entrelinha_0.20-0.25 m_3
LVd;6;Linha;0.00-0.05 m;1;0.86;0.87;0.4344394094;83.0566;LVd_Linha_0.00-0.05 m;LVd_Linha_0.00-0.05 m_1
LVd;6;Linha;0.00-0.05 m;2;0.95;0.97;0.455758056;124.6787;LVd_Linha_0.00-0.05 m;LVd_Linha_0.00-0.05 m_2
LVd;6;Linha;0.00-0.05 m;3;0.86;0.9;0.4509090909;97.8404;LVd_Linha_0.00-0.05 m;LVd_Linha_0.00-0.05 m_3
LVd;6;Linha;0.10-0.15 m;1;0.85;0.91;0.4552774118;106.7067;LVd_Linha_0.10-0.15 m;LVd_Linha_0.10-0.15 m_1
LVd;6;Linha;0.10-0.15 m;2;0.99;0.99;0.4321292072;125.2147;LVd_Linha_0.10-0.15 m;LVd_Linha_0.10-0.15 m_2
LVd;6;Linha;0.10-0.15 m;3;0.87;0.92;0.4586302167;120.6362;LVd_Linha_0.10-0.15 m;LVd_Linha_0.10-0.15 m_3
LVd;6;Linha;0.20-0.25 m;1;0.8;0.89;0.4599598827;79.5122;LVd_Linha_0.20-0.25 m;LVd_Linha_0.20-0.25 m_1
LVd;6;Linha;0.20-0.25 m;2;0.86;0.9;0.4499927209;60.3752;LVd_Linha_0.20-0.25 m;LVd_Linha_0.20-0.25 m_2
LVd;6;Linha;0.20-0.25 m;3;0.89;0.97;0.4361597758;126.629;LVd_Linha_0.20-0.25 m;LVd_Linha_0.20-0.25 m_3
LVd;33;Entrelinha;0.00-0.05 m;1;0.78;0.81;0.4378795339;93.2303;LVd_Entrelinha_0.00-0.05 m;LVd_Entrelinha_0.00-0.05 m_1
LVd;33;Entrelinha;0.00-0.05 m;2;0.91;0.91;0.4029119608;129.9128;LVd_Entrelinha_0.00-0.05 m;LVd_Entrelinha_0.00-0.05 m_2
LVd;33;Entrelinha;0.00-0.05 m;3;0.91;0.93;0.3805817288;314.3249;LVd_Entrelinha_0.00-0.05 m;LVd_Entrelinha_0.00-0.05 m_3
LVd;33;Entrelinha;0.10-0.15 m;1;0.89;0.94;0.3777033626;172.6116;LVd_Entrelinha_0.10-0.15 m;LVd_Entrelinha_0.10-0.15 m_1
LVd;33;Entrelinha;0.10-0.15 m;2;1.05;1.08;0.3609004739;233.6362;LVd_Entrelinha_0.10-0.15 m;LVd_Entrelinha_0.10-0.15 m_2
LVd;33;Entrelinha;0.10-0.15 m;3;0.98;1.04;0.3787483703;223.4439;LVd_Entrelinha_0.10-0.15 m;LVd_Entrelinha_0.10-0.15 m_3
LVd;33;Entrelinha;0.20-0.25 m;1;0.85;0.92;0.3788461538;145.0159;LVd_Entrelinha_0.20-0.25 m;LVd_Entrelinha_0.20-0.25 m_1
LVd;33;Entrelinha;0.20-0.25 m;2;0.93;0.95;0.3606837607;167.9562;LVd_Entrelinha_0.20-0.25 m;LVd_Entrelinha_0.20-0.25 m_2
LVd;33;Entrelinha;0.20-0.25 m;3;0.91;0.92;0.3674055829;148.6978;LVd_Entrelinha_0.20-0.25 m;LVd_Entrelinha_0.20-0.25 m_3
LVd;33;Linha;0.00-0.05 m;1;0.81;0.83;0.3725551071;77.8694;LVd_Linha_0.00-0.05 m;LVd_Linha_0.00-0.05 m_1
LVd;33;Linha;0.00-0.05 m;2;0.87;0.87;0.3683156992;82.7831;LVd_Linha_0.00-0.05 m;LVd_Linha_0.00-0.05 m_2
LVd;33;Linha;0.00-0.05 m;3;0.86;0.86;0.3629382788;86.3096;LVd_Linha_0.00-0.05 m;LVd_Linha_0.00-0.05 m_3
LVd;33;Linha;0.10-0.15 m;1;0.82;0.89;0.3711722858;136.7405;LVd_Linha_0.10-0.15 m;LVd_Linha_0.10-0.15 m_1
LVd;33;Linha;0.10-0.15 m;2;0.88;0.92;0.3590143039;126.9937;LVd_Linha_0.10-0.15 m;LVd_Linha_0.10-0.15 m_2
LVd;33;Linha;0.10-0.15 m;3;0.87;0.93;0.3595714286;159.9572;LVd_Linha_0.10-0.15 m;LVd_Linha_0.10-0.15 m_3
LVd;33;Linha;0.20-0.25 m;1;0.92;0.94;0.3856768318;146.7911;LVd_Linha_0.20-0.25 m;LVd_Linha_0.20-0.25 m_1
LVd;33;Linha;0.20-0.25 m;2;0.87;0.93;0.3659917882;137.3884;LVd_Linha_0.20-0.25 m;LVd_Linha_0.20-0.25 m_2
LVd;33;Linha;0.20-0.25 m;3;0.37;0.99;0.3681167039;191.2381;LVd_Linha_0.20-0.25 m;LVd_Linha_0.20-0.25 m_3
LVd;100;Entrelinha;0.00-0.05 m;1;0.86;0.91;0.4078890334;101.2734;LVd_Entrelinha_0.00-0.05 m;LVd_Entrelinha_0.00-0.05 m_1
LVd;100;Entrelinha;0.00-0.05 m;2;0.94;0.96;0.4123942918;125.9602;LVd_Entrelinha_0.00-0.05 m;LVd_Entrelinha_0.00-0.05 m_2
LVd;100;Entrelinha;0.00-0.05 m;3;0.99;0.99;0.3496711751;205.7724;LVd_Entrelinha_0.00-0.05 m;LVd_Entrelinha_0.00-0.05 m_3
LVd;100;Entrelinha;0.10-0.15 m;1;0.93;0.95;0.3733369171;204.295;LVd_Entrelinha_0.10-0.15 m;LVd_Entrelinha_0.10-0.15 m_1
LVd;100;Entrelinha;0.10-0.15 m;2;1.03;1.04;0.3449104675;228.7268;LVd_Entrelinha_0.10-0.15 m;LVd_Entrelinha_0.10-0.15 m_2
LVd;100;Entrelinha;0.10-0.15 m;3;0.91;0.94;0.3516332693;188.7473;LVd_Entrelinha_0.10-0.15 m;LVd_Entrelinha_0.10-0.15 m_3
LVd;100;Entrelinha;0.20-0.25 m;1;0.87;0.91;0.3660930166;104.4904;LVd_Entrelinha_0.20-0.25 m;LVd_Entrelinha_0.20-0.25 m_1
LVd;100;Entrelinha;0.20-0.25 m;2;0.89;0.93;0.3617472434;154.7969;LVd_Entrelinha_0.20-0.25 m;LVd_Entrelinha_0.20-0.25 m_2
LVd;100;Entrelinha;0.20-0.25 m;3;0.94;0.97;0.3453114754;199.7799;LVd_Entrelinha_0.20-0.25 m;LVd_Entrelinha_0.20-0.25 m_3
LVd;100;Linha;0.00-0.05 m;1;0.81;0.83;0.3852320025;80.629;LVd_Linha_0.00-0.05 m;LVd_Linha_0.00-0.05 m_1
LVd;100;Linha;0.00-0.05 m;2;0.84;0.84;0.3729617551;92.9912;LVd_Linha_0.00-0.05 m;LVd_Linha_0.00-0.05 m_2
LVd;100;Linha;0.00-0.05 m;3;0.89;0.94;0.3761494253;145.849;LVd_Linha_0.00-0.05 m;LVd_Linha_0.00-0.05 m_3
LVd;100;Linha;0.10-0.15 m;1;0.82;0.86;0.3661673476;135.277;LVd_Linha_0.10-0.15 m;LVd_Linha_0.10-0.15 m_1
LVd;100;Linha;0.10-0.15 m;2;0.87;0.87;0.3442718165;86.6005;LVd_Linha_0.10-0.15 m;LVd_Linha_0.10-0.15 m_2
LVd;100;Linha;0.10-0.15 m;3;0.84;0.92;0.3438192291;169.1007;LVd_Linha_0.10-0.15 m;LVd_Linha_0.10-0.15 m_3
LVd;100;Linha;0.20-0.25 m;1;0.88;0.9;0.3637203573;264.5043;LVd_Linha_0.20-0.25 m;LVd_Linha_0.20-0.25 m_1
LVd;100;Linha;0.20-0.25 m;2;0.89;0.91;0.339198436;111.7857;LVd_Linha_0.20-0.25 m;LVd_Linha_0.20-0.25 m_2
LVd;100;Linha;0.20-0.25 m;3;0.84;0.89;0.3424511002;150.3193;LVd_Linha_0.20-0.25 m;LVd_Linha_0.20-0.25 m_3
LVd;1500;Entrelinha;0.00-0.05 m;1;0.94;1.03;0.3108090097;256.5417;LVd_Entrelinha_0.00-0.05 m;LVd_Entrelinha_0.00-0.05 m_1
LVd;1500;Entrelinha;0.00-0.05 m;2;0.9;0.94;0.3089119738;282.0199;LVd_Entrelinha_0.00-0.05 m;LVd_Entrelinha_0.00-0.05 m_2
LVd;1500;Entrelinha;0.00-0.05 m;3;1;1.04;0.3031584183;416.1858;LVd_Entrelinha_0.00-0.05 m;LVd_Entrelinha_0.00-0.05 m_3
LVd;1500;Entrelinha;0.10-0.15 m;1;0.93;0.98;0.302758436;392.8533;LVd_Entrelinha_0.10-0.15 m;LVd_Entrelinha_0.10-0.15 m_1
LVd;1500;Entrelinha;0.10-0.15 m;2;1;1.04;0.3173869598;316.0145;LVd_Entrelinha_0.10-0.15 m;LVd_Entrelinha_0.10-0.15 m_2
LVd;1500;Entrelinha;0.10-0.15 m;3;0.93;0.97;0.3194369973;319.9417;LVd_Entrelinha_0.10-0.15 m;LVd_Entrelinha_0.10-0.15 m_3
LVd;1500;Entrelinha;0.20-0.25 m;1;0.84;0.91;0.2953125;378.9302;LVd_Entrelinha_0.20-0.25 m;LVd_Entrelinha_0.20-0.25 m_1
LVd;1500;Entrelinha;0.20-0.25 m;2;0.95;0.99;0.3300996329;275.2758;LVd_Entrelinha_0.20-0.25 m;LVd_Entrelinha_0.20-0.25 m_2
LVd;1500;Entrelinha;0.20-0.25 m;3;0.98;1.04;0.2982120051;433.8554;LVd_Entrelinha_0.20-0.25 m;LVd_Entrelinha_0.20-0.25 m_3
LVd;1500;Linha;0.00-0.05 m;1;0.99;1.02;0.3105249745;392.673;LVd_Linha_0.00-0.05 m;LVd_Linha_0.00-0.05 m_1
LVd;1500;Linha;0.00-0.05 m;2;0.87;0.99;0.2946236559;405.0072;LVd_Linha_0.00-0.05 m;LVd_Linha_0.00-0.05 m_2
LVd;1500;Linha;0.00-0.05 m;3;0.99;1.01;0.3108618952;336.2991;LVd_Linha_0.00-0.05 m;LVd_Linha_0.00-0.05 m_3
LVd;1500;Linha;0.10-0.15 m;1;0.83;0.91;0.3008993071;382.0966;LVd_Linha_0.10-0.15 m;LVd_Linha_0.10-0.15 m_1
LVd;1500;Linha;0.10-0.15 m;2;0.86;0.97;0.291854874;484.0035;LVd_Linha_0.10-0.15 m;LVd_Linha_0.10-0.15 m_2
LVd;1500;Linha;0.10-0.15 m;3;0.81;0.92;0.3019157088;367.6983;LVd_Linha_0.10-0.15 m;LVd_Linha_0.10-0.15 m_3
LVd;1500;Linha;0.20-0.25 m;1;0.96;1.03;0.3093132154;456.8585;LVd_Linha_0.20-0.25 m;LVd_Linha_0.20-0.25 m_1
LVd;1500;Linha;0.20-0.25 m;2;0.86;0.94;0.3103888731;232.7841;LVd_Linha_0.20-0.25 m;LVd_Linha_0.20-0.25 m_2
LVd;1500;Linha;0.20-0.25 m;3;0.83;0.95;0.2319673371;358.3382;LVd_Linha_0.20-0.25 m;LVd_Linha_0.20-0.25 m_3
LVd;3000;Entrelinha;0.00-0.05 m;1;0.9;0.92;0.16;432.8798;LVd_Entrelinha_0.00-0.05 m;LVd_Entrelinha_0.00-0.05 m_1
LVd;3000;Entrelinha;0.00-0.05 m;2;0.99;1;0.11;476.1284;LVd_Entrelinha_0.00-0.05 m;LVd_Entrelinha_0.00-0.05 m_2
LVd;3000;Entrelinha;0.00-0.05 m;3;0.95;0.97;0.12;489.3687;LVd_Entrelinha_0.00-0.05 m;LVd_Entrelinha_0.00-0.05 m_3
LVd;3000;Entrelinha;0.10-0.15 m;1;0.87;0.88;0.08;392.0232;LVd_Entrelinha_0.10-0.15 m;LVd_Entrelinha_0.10-0.15 m_1
LVd;3000;Entrelinha;0.10-0.15 m;2;1.06;1.08;0.16;362.9534;LVd_Entrelinha_0.10-0.15 m;LVd_Entrelinha_0.10-0.15 m_2
LVd;3000;Entrelinha;0.10-0.15 m;3;0.91;0.92;0.12;385.5329;LVd_Entrelinha_0.10-0.15 m;LVd_Entrelinha_0.10-0.15 m_3
LVd;3000;Entrelinha;0.20-0.25 m;1;0.86;0.9;0.09;391.7518;LVd_Entrelinha_0.20-0.25 m;LVd_Entrelinha_0.20-0.25 m_1
LVd;3000;Entrelinha;0.20-0.25 m;2;0.92;0.94;0.13;356.8642;LVd_Entrelinha_0.20-0.25 m;LVd_Entrelinha_0.20-0.25 m_2
LVd;3000;Entrelinha;0.20-0.25 m;3;0.84;0.86;0.09;406.2489;LVd_Entrelinha_0.20-0.25 m;LVd_Entrelinha_0.20-0.25 m_3
LVd;3000;Linha;0.00-0.05 m;1;0.82;0.98;0.34;303.5756;LVd_Linha_0.00-0.05 m;LVd_Linha_0.00-0.05 m_1
LVd;3000;Linha;0.00-0.05 m;2;0.85;0.87;0.09;362.8524;LVd_Linha_0.00-0.05 m;LVd_Linha_0.00-0.05 m_2
LVd;3000;Linha;0.00-0.05 m;3;0.87;0.92;0.17;385.3368;LVd_Linha_0.00-0.05 m;LVd_Linha_0.00-0.05 m_3
LVd;3000;Linha;0.10-0.15 m;1;0.84;0.86;0.09;363.2582;LVd_Linha_0.10-0.15 m;LVd_Linha_0.10-0.15 m_1
LVd;3000;Linha;0.10-0.15 m;2;0.86;0.89;0.09;374.7892;LVd_Linha_0.10-0.15 m;LVd_Linha_0.10-0.15 m_2
LVd;3000;Linha;0.10-0.15 m;3;0.92;0.94;0.17;392.8351;LVd_Linha_0.10-0.15 m;LVd_Linha_0.10-0.15 m_3
LVd;3000;Linha;0.20-0.25 m;1;0.89;0.91;0.1;388.2308;LVd_Linha_0.20-0.25 m;LVd_Linha_0.20-0.25 m_1
LVd;3000;Linha;0.20-0.25 m;2;0.86;0.87;0.08;366.485;LVd_Linha_0.20-0.25 m;LVd_Linha_0.20-0.25 m_2
LVd;3000;Linha;0.20-0.25 m;3;0.83;0.85;0.09;372.5307;LVd_Linha_0.20-0.25 m;LVd_Linha_0.20-0.25 m_3
LVAd;6;Entrelinha;0.00-0.05 m;1;0.92;0.93;0.4131404623;63.0312;LVAd_Entrelinha_0.00-0.05 m;LVAd_Entrelinha_0.00-0.05 m_1
LVAd;6;Entrelinha;0.00-0.05 m;2;1.05;1.11;0.402379536;102.2148;LVAd_Entrelinha_0.00-0.05 m;LVAd_Entrelinha_0.00-0.05 m_2
LVAd;6;Entrelinha;0.00-0.05 m;3;1.05;1.13;0.4136119403;133.294;LVAd_Entrelinha_0.00-0.05 m;LVAd_Entrelinha_0.00-0.05 m_3
LVAd;6;Entrelinha;0.10-0.15 m;1;1.12;1.18;0.4036334913;129.102;LVAd_Entrelinha_0.10-0.15 m;LVAd_Entrelinha_0.10-0.15 m_1
LVAd;6;Entrelinha;0.10-0.15 m;2;0.98;1.08;0.3927853161;78.1824;LVAd_Entrelinha_0.10-0.15 m;LVAd_Entrelinha_0.10-0.15 m_2
LVAd;6;Entrelinha;0.10-0.15 m;3;1;1.1;0.3928883344;101.7083;LVAd_Entrelinha_0.10-0.15 m;LVAd_Entrelinha_0.10-0.15 m_3
LVAd;6;Entrelinha;0.20-0.25 m;1;1.01;1.1;0.4277722526;77.2439;LVAd_Entrelinha_0.20-0.25 m;LVAd_Entrelinha_0.20-0.25 m_1
LVAd;6;Entrelinha;0.20-0.25 m;2;0.98;1.08;0.4059097978;96.0076;LVAd_Entrelinha_0.20-0.25 m;LVAd_Entrelinha_0.20-0.25 m_2
LVAd;6;Entrelinha;0.20-0.25 m;3;1.13;1.15;0.3684560781;77.772;LVAd_Entrelinha_0.20-0.25 m;LVAd_Entrelinha_0.20-0.25 m_3
LVAd;6;Linha;0.00-0.05 m;1;0.97;1.05;0.4056761269;63.3542;LVAd_Linha_0.00-0.05 m;LVAd_Linha_0.00-0.05 m_1
LVAd;6;Linha;0.00-0.05 m;2;0.92;1;0.3850906096;85.4758;LVAd_Linha_0.00-0.05 m;LVAd_Linha_0.00-0.05 m_2
LVAd;6;Linha;0.00-0.05 m;3;0.95;1.04;0.3793822494;66.781;LVAd_Linha_0.00-0.05 m;LVAd_Linha_0.00-0.05 m_3
LVAd;6;Linha;0.10-0.15 m;1;0.91;0.95;0.4159520893;86.8912;LVAd_Linha_0.10-0.15 m;LVAd_Linha_0.10-0.15 m_1
LVAd;6;Linha;0.10-0.15 m;2;0.87;1.08;0.4007076515;140.5126;LVAd_Linha_0.10-0.15 m;LVAd_Linha_0.10-0.15 m_2
LVAd;6;Linha;0.10-0.15 m;3;0.95;1.07;0.3908459758;118.4205;LVAd_Linha_0.10-0.15 m;LVAd_Linha_0.10-0.15 m_3
LVAd;6;Linha;0.20-0.25 m;1;0.99;1.1;0.4021356784;91.7363;LVAd_Linha_0.20-0.25 m;LVAd_Linha_0.20-0.25 m_1
LVAd;6;Linha;0.20-0.25 m;2;0.93;1.07;0.4144773617;95.1446;LVAd_Linha_0.20-0.25 m;LVAd_Linha_0.20-0.25 m_2
LVAd;6;Linha;0.20-0.25 m;3;1.15;1.2;0.3644171779;91.6514;LVAd_Linha_0.20-0.25 m;LVAd_Linha_0.20-0.25 m_3
LVAd;33;Entrelinha;0.00-0.05 m;1;1.14;1.14;0.46;212.4651;LVAd_Entrelinha_0.00-0.05 m;LVAd_Entrelinha_0.00-0.05 m_1
LVAd;33;Entrelinha;0.00-0.05 m;2;1;1.01;0.41;51.5537;LVAd_Entrelinha_0.00-0.05 m;LVAd_Entrelinha_0.00-0.05 m_2
LVAd;33;Entrelinha;0.00-0.05 m;3;0.99;0.99;0.4;59.5419;LVAd_Entrelinha_0.00-0.05 m;LVAd_Entrelinha_0.00-0.05 m_3
LVAd;33;Entrelinha;0.10-0.15 m;1;1.1;1.11;0.41;82.8389;LVAd_Entrelinha_0.10-0.15 m;LVAd_Entrelinha_0.10-0.15 m_1
LVAd;33;Entrelinha;0.10-0.15 m;2;0.95;1.02;0.34;67.8193;LVAd_Entrelinha_0.10-0.15 m;LVAd_Entrelinha_0.10-0.15 m_2
LVAd;33;Entrelinha;0.10-0.15 m;3;1.03;1.13;0.36;83.876;LVAd_Entrelinha_0.10-0.15 m;LVAd_Entrelinha_0.10-0.15 m_3
LVAd;33;Entrelinha;0.20-0.25 m;1;0.95;1.03;0.36;82.7323;LVAd_Entrelinha_0.20-0.25 m;LVAd_Entrelinha_0.20-0.25 m_1
LVAd;33;Entrelinha;0.20-0.25 m;2;1.04;1.07;0.37;89.2965;LVAd_Entrelinha_0.20-0.25 m;LVAd_Entrelinha_0.20-0.25 m_2
LVAd;33;Entrelinha;0.20-0.25 m;3;1.09;1.12;0.38;81.3298;LVAd_Entrelinha_0.20-0.25 m;LVAd_Entrelinha_0.20-0.25 m_3
LVAd;33;Linha;0.00-0.05 m;1;0.9;0.95;0.35;82.8709;LVAd_Linha_0.00-0.05 m;LVAd_Linha_0.00-0.05 m_1
LVAd;33;Linha;0.00-0.05 m;2;0.98;1;0.36;84.6122;LVAd_Linha_0.00-0.05 m;LVAd_Linha_0.00-0.05 m_2
LVAd;33;Linha;0.00-0.05 m;3;1.13;1.13;0.42;91.0768;LVAd_Linha_0.00-0.05 m;LVAd_Linha_0.00-0.05 m_3
LVAd;33;Linha;0.10-0.15 m;1;0.95;0.99;0.43;83.4008;LVAd_Linha_0.10-0.15 m;LVAd_Linha_0.10-0.15 m_1
LVAd;33;Linha;0.10-0.15 m;2;0.92;1.03;0.33;71.1931;LVAd_Linha_0.10-0.15 m;LVAd_Linha_0.10-0.15 m_2
LVAd;33;Linha;0.10-0.15 m;3;1.01;1.06;0.34;85.8703;LVAd_Linha_0.10-0.15 m;LVAd_Linha_0.10-0.15 m_3
LVAd;33;Linha;0.20-0.25 m;1;0.95;1.04;0.35;86.2073;LVAd_Linha_0.20-0.25 m;LVAd_Linha_0.20-0.25 m_1
LVAd;33;Linha;0.20-0.25 m;2;1.08;1.1;0.37;92.4273;LVAd_Linha_0.20-0.25 m;LVAd_Linha_0.20-0.25 m_2
LVAd;33;Linha;0.20-0.25 m;3;0.97;1.08;0.34;94.0703;LVAd_Linha_0.20-0.25 m;LVAd_Linha_0.20-0.25 m_3
LVAd;100;Entrelinha;0.00-0.05 m;1;1.05;1.09;0.39;107.1594;LVAd_Entrelinha_0.00-0.05 m;LVAd_Entrelinha_0.00-0.05 m_1
LVAd;100;Entrelinha;0.00-0.05 m;2;0.94;1.08;0.33;101.8643;LVAd_Entrelinha_0.00-0.05 m;LVAd_Entrelinha_0.00-0.05 m_2
LVAd;100;Entrelinha;0.00-0.05 m;3;1.1;1.13;0.42;144.9712;LVAd_Entrelinha_0.00-0.05 m;LVAd_Entrelinha_0.00-0.05 m_3
LVAd;100;Entrelinha;0.10-0.15 m;1;1.13;1.16;0.41;119.1035;LVAd_Entrelinha_0.10-0.15 m;LVAd_Entrelinha_0.10-0.15 m_1
LVAd;100;Entrelinha;0.10-0.15 m;2;0.97;1.07;0.34;99.7152;LVAd_Entrelinha_0.10-0.15 m;LVAd_Entrelinha_0.10-0.15 m_2
LVAd;100;Entrelinha;0.10-0.15 m;3;0.97;1.07;0.34;118.8482;LVAd_Entrelinha_0.10-0.15 m;LVAd_Entrelinha_0.10-0.15 m_3
LVAd;100;Entrelinha;0.20-0.25 m;1;1.01;1.12;0.35;139.39;LVAd_Entrelinha_0.20-0.25 m;LVAd_Entrelinha_0.20-0.25 m_1
LVAd;100;Entrelinha;0.20-0.25 m;2;1.03;1.08;0.38;156.4454;LVAd_Entrelinha_0.20-0.25 m;LVAd_Entrelinha_0.20-0.25 m_2
LVAd;100;Entrelinha;0.20-0.25 m;3;1.18;1.22;0.42;273.3437;LVAd_Entrelinha_0.20-0.25 m;LVAd_Entrelinha_0.20-0.25 m_3
LVAd;100;Linha;0.00-0.05 m;1;0.84;0.93;0.28;93.0998;LVAd_Linha_0.00-0.05 m;LVAd_Linha_0.00-0.05 m_1
LVAd;100;Linha;0.00-0.05 m;2;0.95;1.01;0.31;95.9414;LVAd_Linha_0.00-0.05 m;LVAd_Linha_0.00-0.05 m_2
LVAd;100;Linha;0.00-0.05 m;3;0.95;1;0.31;99.7796;LVAd_Linha_0.00-0.05 m;LVAd_Linha_0.00-0.05 m_3
LVAd;100;Linha;0.10-0.15 m;1;0.86;0.95;0.29;71.9218;LVAd_Linha_0.10-0.15 m;LVAd_Linha_0.10-0.15 m_1
LVAd;100;Linha;0.10-0.15 m;2;1.02;1.16;0.34;117.2613;LVAd_Linha_0.10-0.15 m;LVAd_Linha_0.10-0.15 m_2
LVAd;100;Linha;0.10-0.15 m;3;0.92;1.03;0.32;128.7087;LVAd_Linha_0.10-0.15 m;LVAd_Linha_0.10-0.15 m_3
LVAd;100;Linha;0.20-0.25 m;1;0.98;1.14;0.35;133.5242;LVAd_Linha_0.20-0.25 m;LVAd_Linha_0.20-0.25 m_1
LVAd;100;Linha;0.20-0.25 m;2;0.95;1.13;0.33;140.0386;LVAd_Linha_0.20-0.25 m;LVAd_Linha_0.20-0.25 m_2
LVAd;100;Linha;0.20-0.25 m;3;0.95;1.06;0.32;132.4242;LVAd_Linha_0.20-0.25 m;LVAd_Linha_0.20-0.25 m_3
LVAd;1500;Entrelinha;0.00-0.05 m;1;0.93;1.04;0.32;222.1007;LVAd_Entrelinha_0.00-0.05 m;LVAd_Entrelinha_0.00-0.05 m_1
LVAd;1500;Entrelinha;0.00-0.05 m;2;0.91;1.08;0.29;223.4126;LVAd_Entrelinha_0.00-0.05 m;LVAd_Entrelinha_0.00-0.05 m_2
LVAd;1500;Entrelinha;0.00-0.05 m;3;0.33;1.12;0.33;206.1673;LVAd_Entrelinha_0.00-0.05 m;LVAd_Entrelinha_0.00-0.05 m_3
LVAd;1500;Entrelinha;0.10-0.15 m;1;1.09;1.16;0.38;214.4795;LVAd_Entrelinha_0.10-0.15 m;LVAd_Entrelinha_0.10-0.15 m_1
LVAd;1500;Entrelinha;0.10-0.15 m;2;0.9;1.12;0.28;238.0487;LVAd_Entrelinha_0.10-0.15 m;LVAd_Entrelinha_0.10-0.15 m_2
LVAd;1500;Entrelinha;0.10-0.15 m;3;1;1.13;0.36;217.7099;LVAd_Entrelinha_0.10-0.15 m;LVAd_Entrelinha_0.10-0.15 m_3
LVAd;1500;Entrelinha;0.20-0.25 m;1;1.02;1.2;0.39;319.7952;LVAd_Entrelinha_0.20-0.25 m;LVAd_Entrelinha_0.20-0.25 m_1
LVAd;1500;Entrelinha;0.20-0.25 m;2;1.08;1.13;0.33;313.5358;LVAd_Entrelinha_0.20-0.25 m;LVAd_Entrelinha_0.20-0.25 m_2
LVAd;1500;Entrelinha;0.20-0.25 m;3;1.12;1.2;0.38;258.265;LVAd_Entrelinha_0.20-0.25 m;LVAd_Entrelinha_0.20-0.25 m_3
LVAd;1500;Linha;0.00-0.05 m;1;0.82;0.94;0.27;263.7654;LVAd_Linha_0.00-0.05 m;LVAd_Linha_0.00-0.05 m_1
LVAd;1500;Linha;0.00-0.05 m;2;0.97;1.04;0.27;312.4965;LVAd_Linha_0.00-0.05 m;LVAd_Linha_0.00-0.05 m_2
LVAd;1500;Linha;0.00-0.05 m;3;0.93;1.05;0.28;206.3252;LVAd_Linha_0.00-0.05 m;LVAd_Linha_0.00-0.05 m_3
LVAd;1500;Linha;0.10-0.15 m;1;0.96;1.24;0.33;228.649;LVAd_Linha_0.10-0.15 m;LVAd_Linha_0.10-0.15 m_1
LVAd;1500;Linha;0.10-0.15 m;2;0.96;1.15;0.3;239.993;LVAd_Linha_0.10-0.15 m;LVAd_Linha_0.10-0.15 m_2
LVAd;1500;Linha;0.10-0.15 m;3;0.94;1.07;0.31;183.6294;LVAd_Linha_0.10-0.15 m;LVAd_Linha_0.10-0.15 m_3
LVAd;1500;Linha;0.20-0.25 m;1;0.97;1.2;0.34;310.1772;LVAd_Linha_0.20-0.25 m;LVAd_Linha_0.20-0.25 m_1
LVAd;1500;Linha;0.20-0.25 m;2;0.92;1.1;0.32;231.8564;LVAd_Linha_0.20-0.25 m;LVAd_Linha_0.20-0.25 m_2
LVAd;1500;Linha;0.20-0.25 m;3;0.9;1.2;0.3;288.0363;LVAd_Linha_0.20-0.25 m;LVAd_Linha_0.20-0.25 m_3
LVAd;3000;Entrelinha;0.00-0.05 m;1;1.06;1.07;0.12;423.9807;LVAd_Entrelinha_0.00-0.05 m;LVAd_Entrelinha_0.00-0.05 m_1
LVAd;3000;Entrelinha;0.00-0.05 m;2;1.07;1.09;0.14;495.3049;LVAd_Entrelinha_0.00-0.05 m;LVAd_Entrelinha_0.00-0.05 m_2
LVAd;3000;Entrelinha;0.00-0.05 m;3;1.15;1.15;0.17;430.0695;LVAd_Entrelinha_0.00-0.05 m;LVAd_Entrelinha_0.00-0.05 m_3
LVAd;3000;Entrelinha;0.10-0.15 m;1;1.09;1.1;0.16;340.5179;LVAd_Entrelinha_0.10-0.15 m;LVAd_Entrelinha_0.10-0.15 m_1
LVAd;3000;Entrelinha;0.10-0.15 m;2;1.09;1.2;0.29;310.0841;LVAd_Entrelinha_0.10-0.15 m;LVAd_Entrelinha_0.10-0.15 m_2
LVAd;3000;Entrelinha;0.10-0.15 m;3;1.16;1.17;0.16;316.1632;LVAd_Entrelinha_0.10-0.15 m;LVAd_Entrelinha_0.10-0.15 m_3
LVAd;3000;Entrelinha;0.20-0.25 m;1;1.03;1.05;0.13;273.1044;LVAd_Entrelinha_0.20-0.25 m;LVAd_Entrelinha_0.20-0.25 m_1
LVAd;3000;Entrelinha;0.20-0.25 m;2;1.11;1.12;0.15;359.816;LVAd_Entrelinha_0.20-0.25 m;LVAd_Entrelinha_0.20-0.25 m_2
LVAd;3000;Entrelinha;0.20-0.25 m;3;1.18;1.18;0.17;398.0053;LVAd_Entrelinha_0.20-0.25 m;LVAd_Entrelinha_0.20-0.25 m_3
LVAd;3000;Linha;0.00-0.05 m;1;0.92;0.95;0.11;402.7517;LVAd_Linha_0.00-0.05 m;LVAd_Linha_0.00-0.05 m_1
LVAd;3000;Linha;0.00-0.05 m;2;0.97;0.98;0.11;412.1432;LVAd_Linha_0.00-0.05 m;LVAd_Linha_0.00-0.05 m_2
LVAd;3000;Linha;0.00-0.05 m;3;1.15;1.16;0.14;535.2383;LVAd_Linha_0.00-0.05 m;LVAd_Linha_0.00-0.05 m_3
LVAd;3000;Linha;0.10-0.15 m;1;0.92;0.96;0.12;363.0079;LVAd_Linha_0.10-0.15 m;LVAd_Linha_0.10-0.15 m_1
LVAd;3000;Linha;0.10-0.15 m;2;1;0.96;0.15;397.7008;LVAd_Linha_0.10-0.15 m;LVAd_Linha_0.10-0.15 m_2
LVAd;3000;Linha;0.10-0.15 m;3;1.01;1.01;0.15;491.0972;LVAd_Linha_0.10-0.15 m;LVAd_Linha_0.10-0.15 m_3
LVAd;3000;Linha;0.20-0.25 m;1;1;0.99;0.13;390.231;LVAd_Linha_0.20-0.25 m;LVAd_Linha_0.20-0.25 m_1
LVAd;3000;Linha;0.20-0.25 m;2;1.02;1.03;0.17;430.3162;LVAd_Linha_0.20-0.25 m;LVAd_Linha_0.20-0.25 m_2
LVAd;3000;Linha;0.20-0.25 m;3;0.93;0.96;0.11;351.6498;LVAd_Linha_0.20-0.25 m;LVAd_Linha_0.20-0.25 m_3
